{
  "generated_at": "2026-04-28T16:13:46.172928",
  "n_completed": 36,
  "metrics": {
    "test_iou": {
      "mean": 0.056802,
      "std": 0.101743,
      "min": 0.0,
      "max": 0.45068,
      "median": 0.000277
    },
    "test_dice": {
      "mean": 0.092931,
      "std": 0.155002,
      "min": 0.0,
      "max": 0.621284,
      "median": 0.000554
    },
    "test_precision": {
      "mean": 0.825549,
      "std": 0.296833,
      "min": 0.125,
      "max": 1.0,
      "median": 1.0
    },
    "test_recall": {
      "mean": 0.136146,
      "std": 0.278322,
      "min": 0.0,
      "max": 0.98878,
      "median": 0.000277
    },
    "test_pixel_acc": {
      "mean": 0.765799,
      "std": 0.175119,
      "min": 0.187087,
      "max": 0.88351,
      "median": 0.821016
    },
    "test_boundary_iou": {
      "mean": 0.014272,
      "std": 0.030956,
      "min": 0.0,
      "max": 0.145111,
      "median": 0.0
    },
    "test_boundary_f1": {
      "mean": 0.026476,
      "std": 0.055761,
      "min": 0.0,
      "max": 0.253423,
      "median": 0.0
    },
    "test_compactness": {
      "mean": 0.503691,
      "std": 0.47544,
      "min": 0.000279,
      "max": 1.0,
      "median": 0.507808
    }
  },
  "by_hyperparameter": {
    "model_architecture": {
      "attunet": {
        "mean": 1e-06,
        "std": 3e-06,
        "n": 8
      },
      "r2attunet": {
        "mean": 0.102221,
        "std": 0.093727,
        "n": 5
      },
      "resunet": {
        "mean": 0.0,
        "std": 0.0,
        "n": 4
      },
      "scse_unet": {
        "mean": 0.045382,
        "std": 0.074432,
        "n": 5
      },
      "seunet": {
        "mean": 0.113662,
        "std": 0.224687,
        "n": 4
      },
      "unet": {
        "mean": 0.017048,
        "std": 0.016976,
        "n": 4
      },
      "unetpp": {
        "mean": 0.13067,
        "std": 0.101011,
        "n": 6
      }
    },
    "encoder_filters": {
      "deep": {
        "mean": 0.0,
        "std": NaN,
        "n": 1
      },
      "micro": {
        "mean": 0.050934,
        "std": 0.111562,
        "n": 19
      },
      "shallow": {
        "mean": 0.067321,
        "std": 0.09403,
        "n": 16
      }
    },
    "pixel_loss_type": {
      "bce": {
        "mean": 0.084396,
        "std": 0.127449,
        "n": 18
      },
      "bce_iou": {
        "mean": 0.025075,
        "std": 0.0507,
        "n": 7
      },
      "dice": {
        "mean": 0.03184,
        "std": 0.065682,
        "n": 11
      }
    },
    "boundary_loss_weight": {
      "0.0": {
        "mean": 0.057632,
        "std": 0.077559,
        "n": 8
      },
      "0.3": {
        "mean": 0.056345,
        "std": 0.124702,
        "n": 18
      },
      "0.5": {
        "mean": 0.056962,
        "std": 0.078763,
        "n": 10
      }
    },
    "shape_loss_weight": {
      "0.0": {
        "mean": 0.043532,
        "std": 0.09794,
        "n": 9
      },
      "0.1": {
        "mean": 0.067853,
        "std": 0.121658,
        "n": 16
      },
      "0.2": {
        "mean": 0.051587,
        "std": 0.077281,
        "n": 11
      }
    },
    "learning_rate": {
      "0.0001": {
        "mean": 0.045338,
        "std": 0.059086,
        "n": 13
      },
      "0.0005": {
        "mean": 0.048302,
        "std": 0.096058,
        "n": 14
      },
      "0.001": {
        "mean": 0.086585,
        "std": 0.154012,
        "n": 9
      }
    }
  }
}